id,first_name,last_name,username,password
1,Kevyn,Iwanowski,kiwanowski0,sS907Qs6
2,Erroll,Ortiga,eortiga1,"eE0""h&"
3,Dallon,Droogan,ddroogan2,lA7<)
4,Tish,Whightman,twhightman3,pA51<U
5,Guthrey,Asquith,gasquith4,iK32Ku
6,Felicio,Domleo,fdomleo5,eS2oYJ
7,Jazmin,Hauxby,jhauxby6,xR2pW
8,Bert,O'Bradden,bobradden7,fA51u
9,Terry,Allbrook,tallbrook8,pZ1B}=w(
10,Ashlen,Phizaclea,aphizaclea9,rC77m
11,Leopold,Willcott,lwillcotta,dU3&
12,Aurelie,Paffot,apaffotb,uH0_UA
13,Pavia,Hodge,phodgec,hV6w5F
14,Starlin,Yarham,syarhamd,eK7f{d|
15,Guillaume,Downage,gdownagee,pG3t{
16,Tawnya,Matteoni,tmatteonif,cT6j
17,Gui,Eglin,gegling,tH8v?
18,Dominic,Fyndon,dfyndonh,rS59z=}
19,Ingemar,Bannard,ibannardi,lZ3frS
20,Gerianne,Goforth,ggoforthj,gM09
21,Gasper,Vasyukov,gvasyukovk,"xC2}9,"
22,Roz,Lepope,rlepopel,"eV1,b"
23,Skelly,Greatbach,sgreatbachm,lB2W<
24,Karel,Ivatts,kivattsn,oD0Kh17h
25,Foss,Lumm,flummo,uD9%<cc4
26,Nady,MacCawley,nmaccawleyp,"bE34.7,"
27,Ailis,Pilkinton,apilkintonq,tK9`+9Gq
28,Moishe,Mabey,mmabeyr,"kJ8$,(k"
29,Helaine,Leagas,hleagass,jT6u?F
30,Kennith,Shrimptone,kshrimptonet,vD0o|f
31,Jonas,Penner,jpenneru,nH1mNB8<
32,Elmer,Haigh,ehaighv,wV98
33,Alice,Rickard,arickardw,lR0fBQ
34,Quentin,Enns,qennsx,vI8y\H
35,Vicki,Ovanesian,vovanesiany,lB35t
36,Reine,Paulmann,rpaulmannz,aP7GPqc
37,Antonina,Crowcum,acrowcum10,iO7hf
38,Marika,Flasby,mflasby11,dR6QEl
39,Raimundo,Colmer,rcolmer12,aK7<9BNQ
40,Teddy,O'Howbane,tohowbane13,uH20Q
41,Darb,Charlick,dcharlick14,lM1mr
42,Timofei,Kloss,tkloss15,lA9J~f6
43,Kary,Headley,kheadley16,fR2w/MM
44,Norris,Wigginton,nwigginton17,fM1MX
45,Nickolas,D'Alesco,ndalesco18,"yK8qTkL"""
46,Carri,Oliver,coliver19,uF5Ue&~
47,Aron,Sale,asale1a,zC412
48,Gage,Ottee,gottee1b,cL7dCn~
49,Lorelle,Jaspar,ljaspar1c,zQ5}62r
50,Normy,Tunnacliffe,ntunnacliffe1d,gW2\
51,Bessy,Wannes,bwannes1e,cX9#%m3%
52,Augy,Blowick,ablowick1f,eF7c>
53,Valli,Ogilvy,vogilvy1g,bV0%1
54,Deeann,Filintsev,dfilintsev1h,tS5I
55,Jameson,Duerdin,jduerdin1i,kI5qDFOs
56,Bernelle,Coucha,bcoucha1j,lS8(_2v
57,Hersch,Harburtson,hharburtson1k,aT2pl9
58,Josephina,Van de Vlies,jvandevlies1l,uI8DE0
59,Tilda,Chatell,tchatell1m,uP0>aO
60,Gilburt,Oswick,goswick1n,tK0D>
61,Pauly,Stratz,pstratz1o,cO7v~ax
62,Patricia,Pasticznyk,ppasticznyk1p,tJ5BsL
63,Ree,Aitchinson,raitchinson1q,tJ1W
64,Bartel,Macklin,bmacklin1r,jS7H(Vl
65,Gardener,Finlayson,gfinlayson1s,fJ9~
66,Zelda,Ivanets,zivanets1t,wT3vQfBA
67,Sonia,Lammas,slammas1u,vN0ZE
68,Katuscha,Walkington,kwalkington1v,"iF9,"
69,Brynna,Bulgen,bbulgen1w,oA72v6Ur
70,Jami,Luscott,jluscott1x,nX5<v{Om
71,Louisette,Skillitt,lskillitt1y,aB1#0*
72,Ripley,Pietersen,rpietersen1z,yA8dU
73,Samantha,O'Neal,soneal20,nD0vw
74,Winny,Cockerill,wcockerill21,eC1WhRY@
75,Nev,Ducarne,nducarne22,jP0H
76,Sela,O'Hagerty,sohagerty23,dC7Me7!e
77,Donia,Ciobutaro,dciobutaro24,oY6%
78,Ginnifer,McNiven,gmcniven25,yR7vwd
79,Hollyanne,Peerman,hpeerman26,rJ1D|z*H
80,Nalani,Meaddowcroft,nmeaddowcroft27,sH5O1
81,Wes,Crawshaw,wcrawshaw28,jI5n$
82,Lorene,Perulli,lperulli29,aH8Ft7t
83,Tonye,Schiementz,tschiementz2a,lW5==
84,Danica,Blampey,dblampey2b,dF2tJf=8
85,Marlo,Bitten,mbitten2c,jG3s|2
86,Dale,Nann,dnann2d,iT8~n
87,Gerick,Jozef,gjozef2e,pZ4yL(N
88,Lynsey,Lawlee,llawlee2f,aQ9gk$6
89,Nicky,Shillinglaw,nshillinglaw2g,iH1Bo
90,Reinold,Elis,relis2h,lJ7Ku
91,Raina,Furnival,rfurnival2i,iL4sk3c
92,Dacia,Ciobutaru,dciobutaru2j,"uT2,@."
93,Brenda,O'Fogerty,bofogerty2k,gE5L'
94,Burg,Squires,bsquires2l,fZ0Q
95,Phyllida,Hullbrook,phullbrook2m,jH2!
96,Junie,Bertrand,jbertrand2n,oH0j$
97,Terri-jo,Breckon,tbreckon2o,uL1Z
98,Lorne,Guilford,lguilford2p,rT67k7|
99,Germaine,Leeuwerink,gleeuwerink2q,eE3`HU9Z
100,Hillier,Isaak,hisaak2r,xT1?Ht%b
101,Andree,Avramow,aavramow2s,uW1@8M
102,Elvera,Le Friec,elefriec2t,lI4ji{
103,Freemon,Rigge,frigge2u,vL0H$B.
104,Doro,Heinz,dheinz2v,eV1b8@s6
105,Margarette,Burt,mburt2w,hX1?k!w
106,Jereme,Rodders,jrodders2x,"eZ6""bTk"
107,Bartel,Philliphs,bphilliphs2y,sZ9.B
108,Juliette,Hendrickx,jhendrickx2z,kJ0p
109,Cad,Hatz,chatz30,cS6<
110,Reinhold,Bodocs,rbodocs31,xF1OhF
111,Alicea,Lesek,alesek32,tX5aCFZ
112,Ronald,Golt,rgolt33,jH4GUZ
113,Rachele,Shrimpling,rshrimpling34,xQ2etY\1
114,Ronnica,Becaris,rbecaris35,hA03
115,Edd,Denton,edenton36,"tR57&""O6"
116,Rae,Gerardi,rgerardi37,oM5%UJw
117,Alric,Ipsley,aipsley38,hR52
118,Arman,Danniell,adanniell39,"xC1""6ib"
119,Annalee,Jesteco,ajesteco3a,hX0BZ
120,Rachel,Parrott,rparrott3b,mL8s4&WJ
121,Donny,Verey,dverey3c,vI1STh(p
122,Therese,Joseff,tjoseff3d,cU2>
123,Emylee,Fettiplace,efettiplace3e,pX2J3
124,Carlyn,Rebbeck,crebbeck3f,iO8r4cSp
125,Lanni,Skipworth,lskipworth3g,xK5'@
126,Niall,Sycamore,nsycamore3h,gO7~$
127,Gustav,Rizzo,grizzo3i,jR34~
128,Marquita,Tourle,mtourle3j,fG99qjE+
129,Terra,Bowcock,tbowcock3k,iH0Z
130,Karoly,Upcott,kupcott3l,kO5G<B
131,Tiffani,Fruish,tfruish3m,jY3_M!
132,Nickolai,Klimes,nklimes3n,yK9c
133,Clarissa,Kesterton,ckesterton3o,fV1A=
134,Sheffy,Ewbanks,sewbanks3p,mH7jl
135,Eduard,Milroy,emilroy3q,dO2C#
136,Morena,Danforth,mdanforth3r,dQ5g
137,Dotty,Trowler,dtrowler3s,zU4wDK
138,Finley,Brobyn,fbrobyn3t,mE5TD=
139,Phyllis,Eliff,peliff3u,gR1pPF55
140,Iormina,Lyndon,ilyndon3v,uF7WF43X
141,Caroljean,McShane,cmcshane3w,aW9ps@
142,Mellisa,Betke,mbetke3x,dB1'7
143,Gates,Edgecombe,gedgecombe3y,bI76lX
144,Giustino,Longfield,glongfield3z,gM53M~&V
145,Cordell,Presley,cpresley40,xL4XsmQn
146,Vernice,Wedderburn,vwedderburn41,pI9)oaR/
147,Christian,Stagg,cstagg42,rR9@tK
148,Margalo,Petty,mpetty43,nW8z)Z5*
149,Toddie,Proschke,tproschke44,jS8G'/M
150,Martina,Downgate,mdowngate45,cN8IOR8M
151,Nollie,Crockley,ncrockley46,yM2d
152,Myles,Cuffe,mcuffe47,oK6b
153,Sloan,Mailes,smailes48,wH46e_H
154,Lotti,Maddison,lmaddison49,sA9S=%Ql
155,Babbie,Abramovic,babramovic4a,"sW8,"
156,Ninnette,Selwyn,nselwyn4b,nV9_=$
157,Wilhelmina,Castilljo,wcastilljo4c,rO9%mz
158,Madison,Adamo,madamo4d,dL1$
159,Robbin,Cornier,rcornier4e,bV1x}
160,Allianora,Grigoriscu,agrigoriscu4f,yE1Fz
161,Adella,Bartrap,abartrap4g,sP52_P&O
162,Trudi,Nodin,tnodin4h,tW0_}
163,Darrelle,Wornum,dwornum4i,iR7(ANA}
164,Cindelyn,Hendin,chendin4j,qV2v}nJ
165,Laurice,Gilbard,lgilbard4k,dK72
166,Manya,Ludl,mludl4l,xF3e
167,Carlen,Panniers,cpanniers4m,oK5#H
168,Adamo,Frise,afrise4n,nR4Is8
169,Wylie,Delafont,wdelafont4o,kD5FE}_
170,Jenica,Laroze,jlaroze4p,tC0Fk)
171,Henrie,Domenichini,hdomenichini4q,wL6\/}s
172,Katya,Vice,kvice4r,eI6kM/
173,Ivette,Caldera,icaldera4s,zU05f
174,Teddy,Skechley,tskechley4t,gD89
175,Julie,Lidgertwood,jlidgertwood4u,fN3RI0c
176,Titus,Mattia,tmattia4v,"oI0""Gw"
177,Roxanna,Rathke,rrathke4w,cI4b
178,Hall,Larroway,hlarroway4x,"cQ5vXQ,`"
179,Emogene,Van T'Hoog,evanthoog4y,qD3M>e
180,Harland,Tuffrey,htuffrey4z,"lY0my=,O"
181,Farlee,Brave,fbrave50,pB49<oZb
182,Hurley,Porte,hporte51,yI0GeU)
183,Olivette,Gounard,ogounard52,rD7zNn
184,Letitia,Leakner,lleakner53,mG0Qn4Xr
185,Stormy,Broomer,sbroomer54,wI3s|n
186,Brooke,O'Neill,boneill55,pA5|!HB
187,Ewan,Duly,eduly56,iU3/#=er
188,Corbett,Huster,chuster57,qI5\p#S?
189,Iosep,Shingfield,ishingfield58,"tV5)f""j4"
190,Bill,Kleehuhler,bkleehuhler59,rJ3LuDM
191,Lucias,Collaton,lcollaton5a,iF09\Jg
192,Car,Heimes,cheimes5b,zY3IkS3T
193,Rutger,Blaik,rblaik5c,tI8iG6$)
194,Dalton,Hazeltine,dhazeltine5d,sT8aG
195,Mozelle,Magowan,mmagowan5e,lZ5zMm
196,Delia,Norvell,dnorvell5f,tR8p$\
197,Catherina,Bentham3,cbentham5g,lS5Bk_
198,Kaleena,Dicke,kdicke5h,xI2*
199,Sianna,Searles,ssearles5i,"lP6w,"
200,Babette,Bach,bbach5j,zS3l
201,Faustina,Goodbur,fgoodbur5k,kH2D/
202,Lara,Dasent,ldasent5l,nG8xx<g
203,Lyle,Flann,lflann5m,"cI2""/O"
204,Ave,Mulcahy,amulcahy5n,yF13Rb\
205,Paxon,Yancey,pyancey5o,dK7N>s?_
206,Godard,Burt,gburt5p,zF5Z<
207,Mike,Prynne,mprynne5q,dW5(pd
208,Benoit,Fashion,bfashion5r,bH9!
209,Ardys,Kingman,akingman5s,xS5<
210,Britte,Rye,brye5t,zC9e
211,Bernie,Magowan,bmagowan5u,wW9Oin*U
212,Dore,Bielefeld,dbielefeld5v,zP30qe?*
213,Reynolds,Navein,rnavein5w,vB8Sd!>g
214,Bernie,Di Carlo,bdicarlo5x,wQ0\vJ
215,Martynne,Sauter,msauter5y,iM5<
216,Joanne,Bassill,jbassill5z,eX8\EZx
217,Kale,Glazier,kglazier60,cF1M
218,Hale,Blaydon,hblaydon61,aO5Z
219,Emera,Moulsdall,emoulsdall62,kR4uz
220,Robin,Stollwerk,rstollwerk63,"oA3,Yf"
221,Nickolaus,Croy,ncroy64,uZ0dSEM
222,Danette,Torrejon,dtorrejon65,mG1hn
223,Arthur,Birley,abirley66,bE3\`
224,Freddie,McGrale,fmcgrale67,"fV6Z/a,t"
225,Oliver,Merrill,omerrill68,uC7|I{
226,Taylor,Pietz,tpietz69,"cM5=,Q'C"
227,Kristin,Novacek,knovacek6a,jX70oq/f
228,Grantham,Eckly,geckly6b,nJ75Q(
229,Enos,Tatton,etatton6c,uY1c0t
230,Mateo,Kleinpeltz,mkleinpeltz6d,oN0\j
231,Lotti,Holah,lholah6e,tN77yS
232,Ransell,Byas,rbyas6f,pE6cGd&
233,Lucienne,Klosterman,lklosterman6g,eU33cbG
234,Alisa,Windows,awindows6h,wU63n|
235,Addison,Lanfer,alanfer6i,"bY2wj$"""
236,Luke,Pessel,lpessel6j,eG8V
237,Gerhard,Jencken,gjencken6k,cJ6d
238,Charil,Poppleston,cpoppleston6l,xB8Lnj|
239,Kristofor,Seifert,kseifert6m,pU02
240,Gunther,Youle,gyoule6n,dR6g%`.e
241,Kirstyn,Mellmoth,kmellmoth6o,mS1d}V
242,Ciel,Jahan,cjahan6p,fC4~S55
243,Vachel,Genever,vgenever6q,fE4x6Bs
244,Noam,Caseri,ncaseri6r,sE1F+j
245,Hanny,Mc Pake,hmcpake6s,pJ0LT<9O
246,Charmaine,Aldwich,caldwich6t,bA7|
247,Wake,Hairesnape,whairesnape6u,oV7t
248,Elenore,Eayrs,eeayrs6v,zC7ZJe*
249,Athena,Avison,aavison6w,kH0E
250,Beatriz,Tribe,btribe6x,lO8T$#c
251,Huey,Gregersen,hgregersen6y,jM9Di8Of
252,Karlis,Bellham,kbellham6z,vE59x
253,Sarena,Awin,sawin70,eC11CD
254,Helene,Pittaway,hpittaway71,fU5~{
255,Troy,Marland,tmarland72,zH3YNA>3
256,Golda,Zannetti,gzannetti73,sS6.V
257,Verney,Poulsom,vpoulsom74,xV7\
258,Cyrille,Fortman,cfortman75,tV3Zw4U
259,Kristian,Aldam,kaldam76,qI3%>J
260,Cyrill,Skillings,cskillings77,zE2BrXt
261,Yelena,Summerbell,ysummerbell78,qO1f
262,Rheba,Nelhams,rnelhams79,yQ8#
263,Pate,Cocks,pcocks7a,zJ8=o
264,Austen,Jarmyn,ajarmyn7b,"uM9n"""
265,Elianora,Raiston,eraiston7c,qZ16
266,Tally,Shucksmith,tshucksmith7d,cS9_C
267,Lise,MacFaell,lmacfaell7e,hT0Zc6!|
268,Cherie,Brayford,cbrayford7f,vB0X
269,Wake,Starkings,wstarkings7g,hK2pkr
270,Erasmus,Brough,ebrough7h,yD423I
271,Erasmus,Baysting,ebaysting7i,vT0\*x*
272,Fielding,Dabbes,fdabbes7j,"jT5w"""
273,Brewster,Sciusscietto,bsciusscietto7k,pF3%>3<
274,Remington,Schoenleiter,rschoenleiter7l,iJ3/V
275,Terri-jo,Dulwich,tdulwich7m,xZ2Y
276,Zsa zsa,Bunstone,zbunstone7n,xP9B0j{g
277,Daron,Tours,dtours7o,gJ1A
278,Lynnett,Huxham,lhuxham7p,rL0Mq
279,Bette,Lawrie,blawrie7q,uE1&_._H
280,Kennie,Chazette,kchazette7r,vD9$j
281,Joye,Slowley,jslowley7s,yP68
282,Francis,Redan,fredan7t,jP1E
283,Jabez,Pitone,jpitone7u,"vD9""1wM@"
284,Lou,Faley,lfaley7v,xK6N8P*
285,Lorianna,Bruun,lbruun7w,tS27p7
286,Hadlee,Scurrell,hscurrell7x,kF6BjnK
287,Deva,Stanwix,dstanwix7y,jN3S%
288,Janine,Kayser,jkayser7z,sE4EdL1$
289,Melantha,Surcomb,msurcomb80,hO0dRXK
290,Doralyn,Milius,dmilius81,"fG3X""|.G"
291,Vonni,Simonel,vsimonel82,iS1iydYn
292,Nanete,Westmorland,nwestmorland83,aO8}@z
293,Billie,Figura,bfigura84,pK27Is
294,Clarice,Wapples,cwapples85,lP0jY>b
295,Caty,Novotne,cnovotne86,vI3fi
296,Tess,Aird,taird87,zW5l
297,Barr,Franceschino,bfranceschino88,mF4Bv/xY
298,Olympia,Foffano,ofoffano89,kR7K6
299,Shay,Minett,sminett8a,dY7GsF_Q
300,Saunder,Kenway,skenway8b,aM0h
301,Graphy,Testing,testing,testing
